,Pclass,Sex,Age,Fare,Embarked,Alone,Single,SmallF,MedF,LargeF
0,3,1,22.0,7.25,2,0,1,0,0,0
1,1,0,38.0,71.2833,0,0,1,0,0,0
2,3,0,26.0,7.925,2,1,0,0,0,0
3,1,0,35.0,53.1,2,0,1,0,0,0
4,3,1,35.0,8.05,2,1,0,0,0,0
6,1,1,54.0,51.8625,2,1,0,0,0,0
7,3,1,2.0,21.075,2,0,0,0,1,0
8,3,0,27.0,11.1333,2,0,0,1,0,0
9,2,0,14.0,30.0708,0,0,1,0,0,0
10,3,0,4.0,16.7,2,0,0,1,0,0
11,1,0,58.0,26.55,2,1,0,0,0,0
12,3,1,20.0,8.05,2,1,0,0,0,0
13,3,1,39.0,31.275,2,0,0,0,0,1
14,3,0,14.0,7.8542,2,1,0,0,0,0
15,2,0,55.0,16.0,2,1,0,0,0,0
16,3,1,2.0,29.125,1,0,0,0,0,1
18,3,0,31.0,18.0,2,0,1,0,0,0
20,2,1,35.0,26.0,2,1,0,0,0,0
21,2,1,34.0,13.0,2,1,0,0,0,0
22,3,0,15.0,8.0292,1,1,0,0,0,0
23,1,1,28.0,35.5,2,1,0,0,0,0
24,3,0,8.0,21.075,2,0,0,0,1,0
25,3,0,38.0,31.3875,2,0,0,0,0,1
27,1,1,19.0,263.0,2,0,0,0,0,1
30,1,1,40.0,27.7208,0,1,0,0,0,0
33,2,1,66.0,10.5,2,1,0,0,0,0
34,1,1,28.0,82.1708,0,0,1,0,0,0
35,1,1,42.0,52.0,2,0,1,0,0,0
37,3,1,21.0,8.05,2,1,0,0,0,0
38,3,0,18.0,18.0,2,0,0,1,0,0
39,3,0,14.0,11.2417,0,0,1,0,0,0
40,3,0,40.0,9.475,2,0,1,0,0,0
41,2,0,27.0,21.0,2,0,1,0,0,0
43,2,0,3.0,41.5792,0,0,0,0,1,0
44,3,0,19.0,7.8792,1,1,0,0,0,0
49,3,0,18.0,17.8,2,0,1,0,0,0
50,3,1,7.0,39.6875,2,0,0,0,0,1
51,3,1,21.0,7.8,2,1,0,0,0,0
52,1,0,49.0,76.7292,0,0,1,0,0,0
53,2,0,29.0,26.0,2,0,1,0,0,0
54,1,1,65.0,61.9792,0,0,1,0,0,0
56,2,0,21.0,10.5,2,1,0,0,0,0
57,3,1,28.5,7.2292,0,1,0,0,0,0
58,2,0,5.0,27.75,2,0,0,0,1,0
59,3,1,11.0,46.9,2,0,0,0,0,1
60,3,1,22.0,7.2292,0,1,0,0,0,0
62,1,1,45.0,83.475,2,0,1,0,0,0
63,3,1,4.0,27.9,2,0,0,0,0,1
66,2,0,29.0,10.5,2,1,0,0,0,0
67,3,1,19.0,8.1583,2,1,0,0,0,0
68,3,0,17.0,7.925,2,0,0,0,0,1
69,3,1,26.0,8.6625,2,0,0,1,0,0
70,2,1,32.0,10.5,2,1,0,0,0,0
71,3,0,16.0,46.9,2,0,0,0,0,1
72,2,1,21.0,73.5,2,1,0,0,0,0
73,3,1,26.0,14.4542,0,0,1,0,0,0
74,3,1,32.0,56.4958,2,1,0,0,0,0
75,3,1,25.0,7.65,2,1,0,0,0,0
78,2,1,0.83,29.0,2,0,0,1,0,0
79,3,0,30.0,12.475,2,1,0,0,0,0
80,3,1,22.0,9.0,2,1,0,0,0,0
81,3,1,29.0,9.5,2,1,0,0,0,0
83,1,1,28.0,47.1,2,1,0,0,0,0
84,2,0,17.0,10.5,2,1,0,0,0,0
85,3,0,33.0,15.85,2,0,0,0,1,0
86,3,1,16.0,34.375,2,0,0,0,1,0
88,1,0,23.0,263.0,2,0,0,0,0,1
89,3,1,24.0,8.05,2,1,0,0,0,0
90,3,1,29.0,8.05,2,1,0,0,0,0
91,3,1,20.0,7.8542,2,1,0,0,0,0
92,1,1,46.0,61.175,2,0,1,0,0,0
93,3,1,26.0,20.575,2,0,0,0,1,0
94,3,1,59.0,7.25,2,1,0,0,0,0
96,1,1,71.0,34.6542,0,1,0,0,0,0
97,1,1,23.0,63.3583,0,0,1,0,0,0
98,2,0,34.0,23.0,2,0,1,0,0,0
99,2,1,34.0,26.0,2,0,1,0,0,0
100,3,0,28.0,7.8958,2,1,0,0,0,0
102,1,1,21.0,77.2875,2,0,1,0,0,0
103,3,1,33.0,8.6542,2,1,0,0,0,0
104,3,1,37.0,7.925,2,0,0,1,0,0
105,3,1,28.0,7.8958,2,1,0,0,0,0
106,3,0,21.0,7.65,2,1,0,0,0,0
108,3,1,38.0,7.8958,2,1,0,0,0,0
110,1,1,47.0,52.0,2,1,0,0,0,0
111,3,0,14.5,14.4542,0,0,1,0,0,0
112,3,1,22.0,8.05,2,1,0,0,0,0
113,3,0,20.0,9.825,2,0,1,0,0,0
114,3,0,17.0,14.4583,0,1,0,0,0,0
115,3,1,21.0,7.925,2,1,0,0,0,0
116,3,1,70.5,7.75,1,1,0,0,0,0
117,2,1,29.0,21.0,2,0,1,0,0,0
118,1,1,24.0,247.5208,0,0,1,0,0,0
119,3,0,2.0,31.275,2,0,0,0,0,1
120,2,1,21.0,73.5,2,0,0,1,0,0
122,2,1,32.5,30.0708,0,0,1,0,0,0
123,2,0,32.5,13.0,2,1,0,0,0,0
124,1,1,54.0,77.2875,2,0,1,0,0,0
125,3,1,12.0,11.2417,0,0,1,0,0,0
127,3,1,24.0,7.1417,2,1,0,0,0,0
129,3,1,45.0,6.975,2,1,0,0,0,0
130,3,1,33.0,7.8958,0,1,0,0,0,0
131,3,1,20.0,7.05,2,1,0,0,0,0
132,3,0,47.0,14.5,2,0,1,0,0,0
133,2,0,29.0,26.0,2,0,1,0,0,0
134,2,1,25.0,13.0,2,1,0,0,0,0
135,2,1,23.0,15.0458,0,1,0,0,0,0
136,1,0,19.0,26.2833,2,0,0,1,0,0
137,1,1,37.0,53.1,2,0,1,0,0,0
138,3,1,16.0,9.2167,2,1,0,0,0,0
139,1,1,24.0,79.2,0,1,0,0,0,0
141,3,0,22.0,7.75,2,1,0,0,0,0
142,3,0,24.0,15.85,2,0,1,0,0,0
143,3,1,19.0,6.75,1,1,0,0,0,0
144,2,1,18.0,11.5,2,1,0,0,0,0
145,2,1,19.0,36.75,2,0,0,1,0,0
146,3,1,27.0,7.7958,2,1,0,0,0,0
147,3,0,9.0,34.375,2,0,0,0,1,0
148,2,1,36.5,26.0,2,0,0,1,0,0
149,2,1,42.0,13.0,2,1,0,0,0,0
150,2,1,51.0,12.525,2,1,0,0,0,0
151,1,0,22.0,66.6,2,0,1,0,0,0
152,3,1,55.5,8.05,2,1,0,0,0,0
153,3,1,40.5,14.5,2,0,0,1,0,0
155,1,1,51.0,61.3792,0,0,1,0,0,0
156,3,0,16.0,7.7333,1,1,0,0,0,0
157,3,1,30.0,8.05,2,1,0,0,0,0
160,3,1,44.0,16.1,2,0,1,0,0,0
161,2,0,40.0,15.75,2,1,0,0,0,0
162,3,1,26.0,7.775,2,1,0,0,0,0
163,3,1,17.0,8.6625,2,1,0,0,0,0
164,3,1,1.0,39.6875,2,0,0,0,0,1
165,3,1,9.0,20.525,2,0,0,1,0,0
167,3,0,45.0,27.9,2,0,0,0,0,1
169,3,1,28.0,56.4958,2,1,0,0,0,0
170,1,1,61.0,33.5,2,1,0,0,0,0
171,3,1,4.0,29.125,1,0,0,0,0,1
172,3,0,1.0,11.1333,2,0,0,1,0,0
173,3,1,21.0,7.925,2,1,0,0,0,0
174,1,1,56.0,30.6958,0,1,0,0,0,0
175,3,1,18.0,7.8542,2,0,0,1,0,0
177,1,0,50.0,28.7125,0,1,0,0,0,0
178,2,1,30.0,13.0,2,1,0,0,0,0
179,3,1,36.0,0.0,2,1,0,0,0,0
182,3,1,9.0,31.3875,2,0,0,0,0,1
183,2,1,1.0,39.0,2,0,0,0,1,0
184,3,0,4.0,22.025,2,0,0,1,0,0
187,1,1,45.0,26.55,2,1,0,0,0,0
188,3,1,40.0,15.5,1,0,0,1,0,0
189,3,1,36.0,7.8958,2,1,0,0,0,0
190,2,0,32.0,13.0,2,1,0,0,0,0
191,2,1,19.0,13.0,2,1,0,0,0,0
192,3,0,19.0,7.8542,2,0,1,0,0,0
193,2,1,3.0,26.0,2,0,0,1,0,0
194,1,0,44.0,27.7208,0,1,0,0,0,0
195,1,0,58.0,146.5208,0,1,0,0,0,0
197,3,1,42.0,8.4042,2,0,1,0,0,0
199,2,0,24.0,13.0,2,1,0,0,0,0
200,3,1,28.0,9.5,2,1,0,0,0,0
202,3,1,34.0,6.4958,2,1,0,0,0,0
203,3,1,45.5,7.225,0,1,0,0,0,0
204,3,1,18.0,8.05,2,1,0,0,0,0
205,3,0,2.0,10.4625,2,0,1,0,0,0
206,3,1,32.0,15.85,2,0,1,0,0,0
207,3,1,26.0,18.7875,0,1,0,0,0,0
208,3,0,16.0,7.75,1,1,0,0,0,0
209,1,1,40.0,31.0,0,1,0,0,0,0
210,3,1,24.0,7.05,2,1,0,0,0,0
211,2,0,35.0,21.0,2,1,0,0,0,0
212,3,1,22.0,7.25,2,1,0,0,0,0
213,2,1,30.0,13.0,2,1,0,0,0,0
215,1,0,31.0,113.275,0,0,1,0,0,0
216,3,0,27.0,7.925,2,1,0,0,0,0
217,2,1,42.0,27.0,2,0,1,0,0,0
218,1,0,32.0,76.2917,0,1,0,0,0,0
219,2,1,30.0,10.5,2,1,0,0,0,0
220,3,1,16.0,8.05,2,1,0,0,0,0
221,2,1,27.0,13.0,2,1,0,0,0,0
222,3,1,51.0,8.05,2,1,0,0,0,0
224,1,1,38.0,90.0,2,0,1,0,0,0
225,3,1,22.0,9.35,2,1,0,0,0,0
226,2,1,19.0,10.5,2,1,0,0,0,0
227,3,1,20.5,7.25,2,1,0,0,0,0
228,2,1,18.0,13.0,2,1,0,0,0,0
230,1,0,35.0,83.475,2,0,1,0,0,0
231,3,1,29.0,7.775,2,1,0,0,0,0
232,2,1,59.0,13.5,2,1,0,0,0,0
233,3,0,5.0,31.3875,2,0,0,0,0,1
234,2,1,24.0,10.5,2,1,0,0,0,0
236,2,1,44.0,26.0,2,0,1,0,0,0
237,2,0,8.0,26.25,2,0,0,1,0,0
238,2,1,19.0,10.5,2,1,0,0,0,0
239,2,1,33.0,12.275,2,1,0,0,0,0
242,2,1,29.0,10.5,2,1,0,0,0,0
243,3,1,22.0,7.125,2,1,0,0,0,0
244,3,1,30.0,7.225,0,1,0,0,0,0
245,1,1,44.0,90.0,1,0,0,1,0,0
246,3,0,25.0,7.775,2,1,0,0,0,0
247,2,0,24.0,14.5,2,0,0,1,0,0
248,1,1,37.0,52.5542,2,0,0,1,0,0
249,2,1,54.0,26.0,2,0,1,0,0,0
251,3,0,29.0,10.4625,2,0,0,1,0,0
252,1,1,62.0,26.55,2,1,0,0,0,0
253,3,1,30.0,16.1,2,0,1,0,0,0
254,3,0,41.0,20.2125,2,0,0,1,0,0
255,3,0,29.0,15.2458,0,0,0,1,0,0
257,1,0,30.0,86.5,2,1,0,0,0,0
258,1,0,35.0,512.3292,0,1,0,0,0,0
259,2,0,50.0,26.0,2,0,1,0,0,0
261,3,1,3.0,31.3875,2,0,0,0,0,1
262,1,1,52.0,79.65,2,0,0,1,0,0
263,1,1,40.0,0.0,2,1,0,0,0,0
265,2,1,36.0,10.5,2,1,0,0,0,0
266,3,1,16.0,39.6875,2,0,0,0,0,1
267,3,1,25.0,7.775,2,0,1,0,0,0
268,1,0,58.0,153.4625,2,0,1,0,0,0
269,1,0,35.0,135.6333,2,1,0,0,0,0
271,3,1,25.0,0.0,2,1,0,0,0,0
272,2,0,41.0,19.5,2,0,1,0,0,0
273,1,1,37.0,29.7,0,0,1,0,0,0
275,1,0,63.0,77.9583,2,0,1,0,0,0
276,3,0,45.0,7.75,2,1,0,0,0,0
278,3,1,7.0,29.125,1,0,0,0,0,1
279,3,0,35.0,20.25,2,0,0,1,0,0
280,3,1,65.0,7.75,1,1,0,0,0,0
281,3,1,28.0,7.8542,2,1,0,0,0,0
282,3,1,16.0,9.5,2,1,0,0,0,0
283,3,1,19.0,8.05,2,1,0,0,0,0
285,3,1,33.0,8.6625,0,1,0,0,0,0
286,3,1,30.0,9.5,2,1,0,0,0,0
287,3,1,22.0,7.8958,2,1,0,0,0,0
288,2,1,42.0,13.0,2,1,0,0,0,0
289,3,0,22.0,7.75,1,1,0,0,0,0
290,1,0,26.0,78.85,2,1,0,0,0,0
291,1,0,19.0,91.0792,0,0,1,0,0,0
292,2,1,36.0,12.875,0,1,0,0,0,0
293,3,0,24.0,8.85,2,1,0,0,0,0
294,3,1,24.0,7.8958,2,1,0,0,0,0
296,3,1,23.5,7.2292,0,1,0,0,0,0
297,1,0,2.0,151.55,2,0,0,0,1,0
299,1,0,50.0,247.5208,0,0,1,0,0,0
302,3,1,19.0,0.0,2,1,0,0,0,0
305,1,1,0.92,151.55,2,0,0,0,1,0
307,1,0,17.0,108.9,0,0,1,0,0,0
308,2,1,30.0,24.0,0,0,1,0,0,0
309,1,0,30.0,56.9292,0,1,0,0,0,0
310,1,0,24.0,83.1583,0,1,0,0,0,0
311,1,0,18.0,262.375,0,0,0,0,1,0
312,2,0,26.0,26.0,2,0,0,1,0,0
313,3,1,28.0,7.8958,2,1,0,0,0,0
314,2,1,43.0,26.25,2,0,0,1,0,0
315,3,0,26.0,7.8542,2,1,0,0,0,0
316,2,0,24.0,26.0,2,0,1,0,0,0
317,2,1,54.0,14.0,2,1,0,0,0,0
318,1,0,31.0,164.8667,2,0,0,1,0,0
319,1,0,40.0,134.5,0,0,0,1,0,0
320,3,1,22.0,7.25,2,1,0,0,0,0
321,3,1,27.0,7.8958,2,1,0,0,0,0
322,2,0,30.0,12.35,1,1,0,0,0,0
323,2,0,22.0,29.0,2,0,0,1,0,0
325,1,0,36.0,135.6333,0,1,0,0,0,0
326,3,1,61.0,6.2375,2,1,0,0,0,0
327,2,0,36.0,13.0,2,1,0,0,0,0
328,3,0,31.0,20.525,2,0,0,1,0,0
329,1,0,16.0,57.9792,0,0,1,0,0,0
331,1,1,45.5,28.5,2,1,0,0,0,0
332,1,1,38.0,153.4625,2,0,1,0,0,0
333,3,1,16.0,18.0,2,0,0,1,0,0
336,1,1,29.0,66.6,2,0,1,0,0,0
337,1,0,41.0,134.5,0,1,0,0,0,0
338,3,1,45.0,8.05,2,1,0,0,0,0
339,1,1,45.0,35.5,2,1,0,0,0,0
340,2,1,2.0,26.0,2,0,0,1,0,0
341,1,0,24.0,263.0,2,0,0,0,0,1
342,2,1,28.0,13.0,2,1,0,0,0,0
343,2,1,25.0,13.0,2,1,0,0,0,0
344,2,1,36.0,13.0,2,1,0,0,0,0
345,2,0,24.0,13.0,2,1,0,0,0,0
346,2,0,40.0,13.0,2,1,0,0,0,0
348,3,1,3.0,15.9,2,0,0,1,0,0
349,3,1,42.0,8.6625,2,1,0,0,0,0
350,3,1,23.0,9.225,2,1,0,0,0,0
352,3,1,15.0,7.2292,0,0,0,1,0,0
353,3,1,25.0,17.8,2,0,1,0,0,0
355,3,1,28.0,9.5,2,1,0,0,0,0
356,1,0,22.0,55.0,2,0,1,0,0,0
357,2,0,38.0,13.0,2,1,0,0,0,0
360,3,1,40.0,27.9,2,0,0,0,0,1
361,2,1,29.0,27.7208,0,0,1,0,0,0
362,3,0,45.0,14.4542,0,0,1,0,0,0
363,3,1,35.0,7.05,2,1,0,0,0,0
365,3,1,30.0,7.25,2,1,0,0,0,0
366,1,0,60.0,75.25,0,0,1,0,0,0
369,1,0,24.0,69.3,0,1,0,0,0,0
370,1,1,25.0,55.4417,0,0,1,0,0,0
371,3,1,18.0,6.4958,2,0,1,0,0,0
372,3,1,19.0,8.05,2,1,0,0,0,0
373,1,1,22.0,135.6333,0,1,0,0,0,0
374,3,0,3.0,21.075,2,0,0,0,1,0
376,3,0,22.0,7.25,2,1,0,0,0,0
377,1,1,27.0,211.5,0,0,0,1,0,0
378,3,1,20.0,4.0125,0,1,0,0,0,0
379,3,1,19.0,7.775,2,1,0,0,0,0
380,1,0,42.0,227.525,0,1,0,0,0,0
381,3,0,1.0,15.7417,0,0,0,1,0,0
382,3,1,32.0,7.925,2,1,0,0,0,0
383,1,0,35.0,52.0,2,0,1,0,0,0
385,2,1,18.0,73.5,2,1,0,0,0,0
386,3,1,1.0,46.9,2,0,0,0,0,1
387,2,0,36.0,13.0,2,1,0,0,0,0
389,2,0,17.0,12.0,0,1,0,0,0,0
390,1,1,36.0,120.0,2,0,0,0,1,0
391,3,1,21.0,7.7958,2,1,0,0,0,0
392,3,1,28.0,7.925,2,0,0,1,0,0
393,1,0,23.0,113.275,0,0,1,0,0,0
394,3,0,24.0,16.7,2,0,0,1,0,0
395,3,1,22.0,7.7958,2,1,0,0,0,0
396,3,0,31.0,7.8542,2,1,0,0,0,0
397,2,1,46.0,26.0,2,1,0,0,0,0
398,2,1,23.0,10.5,2,1,0,0,0,0
399,2,0,28.0,12.65,2,1,0,0,0,0
400,3,1,39.0,7.925,2,1,0,0,0,0
401,3,1,26.0,8.05,2,1,0,0,0,0
402,3,0,21.0,9.825,2,0,1,0,0,0
403,3,1,28.0,15.85,2,0,1,0,0,0
404,3,0,20.0,8.6625,2,1,0,0,0,0
405,2,1,34.0,21.0,2,0,1,0,0,0
406,3,1,51.0,7.75,2,1,0,0,0,0
407,2,1,3.0,18.75,2,0,0,1,0,0
408,3,1,21.0,7.775,2,1,0,0,0,0
412,1,0,33.0,90.0,1,0,1,0,0,0
414,3,1,44.0,7.925,2,1,0,0,0,0
416,2,0,34.0,32.5,2,0,0,1,0,0
417,2,0,18.0,13.0,2,0,0,1,0,0
418,2,1,30.0,13.0,2,1,0,0,0,0
419,3,0,10.0,24.15,2,0,0,1,0,0
421,3,1,21.0,7.7333,1,1,0,0,0,0
422,3,1,29.0,7.875,2,1,0,0,0,0
423,3,0,28.0,14.4,2,0,0,1,0,0
424,3,1,18.0,20.2125,2,0,0,1,0,0
426,2,0,28.0,26.0,2,0,1,0,0,0
427,2,0,19.0,26.0,2,1,0,0,0,0
429,3,1,32.0,8.05,2,1,0,0,0,0
430,1,1,28.0,26.55,2,1,0,0,0,0
432,2,0,42.0,26.0,2,0,1,0,0,0
433,3,1,17.0,7.125,2,1,0,0,0,0
434,1,1,50.0,55.9,2,0,1,0,0,0
435,1,0,14.0,120.0,2,0,0,0,1,0
436,3,0,21.0,34.375,2,0,0,0,1,0
437,2,0,24.0,18.75,2,0,0,0,0,1
438,1,1,64.0,263.0,2,0,0,0,0,1
439,2,1,31.0,10.5,2,1,0,0,0,0
440,2,0,45.0,26.25,2,0,0,1,0,0
441,3,1,20.0,9.5,2,1,0,0,0,0
442,3,1,25.0,7.775,2,0,1,0,0,0
443,2,0,28.0,13.0,2,1,0,0,0,0
445,1,1,4.0,81.8583,2,0,0,1,0,0
446,2,0,13.0,19.5,2,0,1,0,0,0
447,1,1,34.0,26.55,2,1,0,0,0,0
448,3,0,5.0,19.2583,0,0,0,0,1,0
449,1,1,52.0,30.5,2,1,0,0,0,0
450,2,1,36.0,27.75,2,0,0,0,1,0
452,1,1,30.0,27.75,0,1,0,0,0,0
453,1,1,49.0,89.1042,0,0,1,0,0,0
455,3,1,29.0,7.8958,0,1,0,0,0,0
456,1,1,65.0,26.55,2,1,0,0,0,0
458,2,0,50.0,10.5,2,1,0,0,0,0
460,1,1,48.0,26.55,2,1,0,0,0,0
461,3,1,34.0,8.05,2,1,0,0,0,0
462,1,1,47.0,38.5,2,1,0,0,0,0
463,2,1,48.0,13.0,2,1,0,0,0,0
465,3,1,38.0,7.05,2,1,0,0,0,0
467,1,1,56.0,26.55,2,1,0,0,0,0
469,3,0,0.75,19.2583,0,0,0,0,1,0
471,3,1,38.0,8.6625,2,1,0,0,0,0
472,2,0,33.0,27.75,2,0,0,0,1,0
473,2,0,23.0,13.7917,0,1,0,0,0,0
474,3,0,22.0,9.8375,2,1,0,0,0,0
476,2,1,34.0,21.0,2,0,1,0,0,0
477,3,1,29.0,7.0458,2,0,1,0,0,0
478,3,1,22.0,7.5208,2,1,0,0,0,0
479,3,0,2.0,12.2875,2,0,1,0,0,0
480,3,1,9.0,46.9,2,0,0,0,0,1
482,3,1,50.0,8.05,2,1,0,0,0,0
483,3,0,63.0,9.5875,2,1,0,0,0,0
484,1,1,25.0,91.0792,0,0,1,0,0,0
486,1,0,35.0,90.0,2,0,1,0,0,0
487,1,1,58.0,29.7,0,1,0,0,0,0
488,3,1,30.0,8.05,2,1,0,0,0,0
489,3,1,9.0,15.9,2,0,0,1,0,0
491,3,1,21.0,7.25,2,1,0,0,0,0
492,1,1,55.0,30.5,2,1,0,0,0,0
493,1,1,71.0,49.5042,0,1,0,0,0,0
494,3,1,21.0,8.05,2,1,0,0,0,0
496,1,0,54.0,78.2667,0,0,1,0,0,0
498,1,0,25.0,151.55,2,0,0,0,1,0
499,3,1,24.0,7.7958,2,1,0,0,0,0
500,3,1,17.0,8.6625,2,1,0,0,0,0
501,3,0,21.0,7.75,1,1,0,0,0,0
503,3,0,37.0,9.5875,2,1,0,0,0,0
504,1,0,16.0,86.5,2,1,0,0,0,0
505,1,1,18.0,108.9,0,0,1,0,0,0
506,2,0,33.0,26.0,2,0,0,1,0,0
508,3,1,28.0,22.525,2,1,0,0,0,0
509,3,1,26.0,56.4958,2,1,0,0,0,0
510,3,1,29.0,7.75,1,1,0,0,0,0
512,1,1,36.0,26.2875,2,1,0,0,0,0
513,1,0,54.0,59.4,0,0,1,0,0,0
514,3,1,24.0,7.4958,2,1,0,0,0,0
515,1,1,47.0,34.0208,2,1,0,0,0,0
516,2,0,34.0,10.5,2,1,0,0,0,0
518,2,0,36.0,26.0,2,0,1,0,0,0
519,3,1,32.0,7.8958,2,1,0,0,0,0
520,1,0,30.0,93.5,2,1,0,0,0,0
521,3,1,22.0,7.8958,2,1,0,0,0,0
523,1,0,44.0,57.9792,0,0,1,0,0,0
525,3,1,40.5,7.75,1,1,0,0,0,0
526,2,0,50.0,10.5,2,1,0,0,0,0
528,3,1,39.0,7.925,2,1,0,0,0,0
529,2,1,23.0,11.5,2,0,0,0,1,0
530,2,0,2.0,26.0,2,0,0,1,0,0
532,3,1,17.0,7.2292,0,0,0,1,0,0
534,3,0,30.0,8.6625,2,1,0,0,0,0
535,2,0,7.0,26.25,2,0,0,1,0,0
536,1,1,45.0,26.55,2,1,0,0,0,0
537,1,0,30.0,106.425,0,1,0,0,0,0
539,1,0,22.0,49.5,0,0,0,1,0,0
540,1,0,36.0,71.0,2,0,0,1,0,0
541,3,0,9.0,31.275,2,0,0,0,0,1
542,3,0,11.0,31.275,2,0,0,0,0,1
543,2,1,32.0,26.0,2,0,1,0,0,0
544,1,1,50.0,106.425,0,0,1,0,0,0
545,1,1,64.0,26.0,2,1,0,0,0,0
546,2,0,19.0,26.0,2,0,1,0,0,0
548,3,1,33.0,20.525,2,0,0,1,0,0
549,2,1,8.0,36.75,2,0,0,1,0,0
550,1,1,17.0,110.8833,0,0,0,1,0,0
551,2,1,27.0,26.0,2,1,0,0,0,0
553,3,1,22.0,7.225,0,1,0,0,0,0
554,3,0,22.0,7.775,2,1,0,0,0,0
555,1,1,62.0,26.55,2,1,0,0,0,0
556,1,0,48.0,39.6,0,0,1,0,0,0
558,1,0,39.0,79.65,2,0,0,1,0,0
559,3,0,36.0,17.4,2,0,1,0,0,0
561,3,1,40.0,7.8958,2,1,0,0,0,0
562,2,1,28.0,13.5,2,1,0,0,0,0
565,3,1,24.0,24.15,2,0,0,1,0,0
566,3,1,19.0,7.8958,2,1,0,0,0,0
567,3,0,29.0,21.075,2,0,0,0,1,0
569,3,1,32.0,7.8542,2,1,0,0,0,0
570,2,1,62.0,10.5,2,1,0,0,0,0
571,1,0,53.0,51.4792,2,0,0,1,0,0
572,1,1,36.0,26.3875,2,1,0,0,0,0
574,3,1,16.0,8.05,2,1,0,0,0,0
575,3,1,19.0,14.5,2,1,0,0,0,0
576,2,0,34.0,13.0,2,1,0,0,0,0
577,1,0,39.0,55.9,2,0,1,0,0,0
579,3,1,32.0,7.925,2,1,0,0,0,0
580,2,0,25.0,30.0,2,0,0,1,0,0
581,1,0,39.0,110.8833,0,0,0,1,0,0
582,2,1,54.0,26.0,2,1,0,0,0,0
583,1,1,36.0,40.125,0,1,0,0,0,0
585,1,0,18.0,79.65,2,0,0,1,0,0
586,2,1,47.0,15.0,2,1,0,0,0,0
587,1,1,60.0,79.2,0,0,0,1,0,0
588,3,1,22.0,8.05,2,1,0,0,0,0
590,3,1,35.0,7.125,2,1,0,0,0,0
591,1,0,52.0,78.2667,0,0,1,0,0,0
592,3,1,47.0,7.25,2,1,0,0,0,0
594,2,1,37.0,26.0,2,0,1,0,0,0
595,3,1,36.0,24.15,2,0,0,1,0,0
597,3,1,49.0,0.0,2,1,0,0,0,0
599,1,1,49.0,56.9292,0,0,1,0,0,0
600,2,0,24.0,27.0,2,0,0,0,1,0
603,3,1,44.0,8.05,2,1,0,0,0,0
604,1,1,35.0,26.55,0,1,0,0,0,0
605,3,1,36.0,15.55,2,0,1,0,0,0
606,3,1,30.0,7.8958,2,1,0,0,0,0
607,1,1,27.0,30.5,2,1,0,0,0,0
608,2,0,22.0,41.5792,0,0,0,0,1,0
609,1,0,40.0,153.4625,2,1,0,0,0,0
610,3,0,39.0,31.275,2,0,0,0,0,1
614,3,1,35.0,8.05,2,1,0,0,0,0
615,2,0,24.0,65.0,2,0,0,0,1,0
616,3,1,34.0,14.4,2,0,0,1,0,0
617,3,0,26.0,16.1,2,0,1,0,0,0
618,2,0,4.0,39.0,2,0,0,0,1,0
619,2,1,26.0,10.5,2,1,0,0,0,0
620,3,1,27.0,14.4542,0,0,1,0,0,0
621,1,1,42.0,52.5542,2,0,1,0,0,0
622,3,1,20.0,15.7417,0,0,0,1,0,0
623,3,1,21.0,7.8542,2,1,0,0,0,0
624,3,1,21.0,16.1,2,1,0,0,0,0
625,1,1,61.0,32.3208,2,1,0,0,0,0
626,2,1,57.0,12.35,1,1,0,0,0,0
627,1,0,21.0,77.9583,2,1,0,0,0,0
628,3,1,26.0,7.8958,2,1,0,0,0,0
630,1,1,80.0,30.0,2,1,0,0,0,0
631,3,1,51.0,7.0542,2,1,0,0,0,0
632,1,1,32.0,30.5,0,1,0,0,0,0
634,3,0,9.0,27.9,2,0,0,0,0,1
635,2,0,28.0,13.0,2,1,0,0,0,0
636,3,1,32.0,7.925,2,1,0,0,0,0
637,2,1,31.0,26.25,2,0,0,1,0,0
638,3,0,41.0,39.6875,2,0,0,0,0,1
640,3,1,20.0,7.8542,2,1,0,0,0,0
641,1,0,24.0,69.3,0,1,0,0,0,0
642,3,0,2.0,27.9,2,0,0,0,0,1
644,3,0,0.75,19.2583,0,0,0,0,1,0
645,1,1,48.0,76.7292,0,0,1,0,0,0
646,3,1,19.0,7.8958,2,1,0,0,0,0
647,1,1,56.0,35.5,0,1,0,0,0,0
649,3,0,23.0,7.55,2,1,0,0,0,0
651,2,0,18.0,23.0,2,0,1,0,0,0
652,3,1,21.0,8.4333,2,1,0,0,0,0
654,3,0,18.0,6.75,1,1,0,0,0,0
655,2,1,24.0,73.5,2,0,0,1,0,0
657,3,0,32.0,15.5,1,0,0,1,0,0
658,2,1,23.0,13.0,2,1,0,0,0,0
659,1,1,58.0,113.275,0,0,0,1,0,0
660,1,1,50.0,133.65,2,0,0,1,0,0
661,3,1,40.0,7.225,0,1,0,0,0,0
662,1,1,47.0,25.5875,2,1,0,0,0,0
663,3,1,36.0,7.4958,2,1,0,0,0,0
664,3,1,20.0,7.925,2,0,1,0,0,0
665,2,1,32.0,73.5,2,0,0,1,0,0
666,2,1,25.0,13.0,2,1,0,0,0,0
668,3,1,43.0,8.05,2,1,0,0,0,0
670,2,0,40.0,39.0,2,0,0,1,0,0
671,1,1,31.0,52.0,2,0,1,0,0,0
672,2,1,70.0,10.5,2,1,0,0,0,0
673,2,1,31.0,13.0,2,1,0,0,0,0
675,3,1,18.0,7.775,2,1,0,0,0,0
676,3,1,24.5,8.05,2,1,0,0,0,0
677,3,0,18.0,9.8417,2,1,0,0,0,0
678,3,0,43.0,46.9,2,0,0,0,0,1
679,1,1,36.0,512.3292,0,0,1,0,0,0
681,1,1,27.0,76.7292,0,1,0,0,0,0
682,3,1,20.0,9.225,2,1,0,0,0,0
683,3,1,14.0,46.9,2,0,0,0,0,1
684,2,1,60.0,39.0,2,0,0,1,0,0
685,2,1,25.0,41.5792,0,0,0,0,1,0
686,3,1,14.0,39.6875,2,0,0,0,0,1
687,3,1,19.0,10.1708,2,1,0,0,0,0
688,3,1,18.0,7.7958,2,1,0,0,0,0
689,1,0,15.0,211.3375,2,0,1,0,0,0
690,1,1,31.0,57.0,2,0,1,0,0,0
691,3,0,4.0,13.4167,0,0,1,0,0,0
693,3,1,25.0,7.225,0,1,0,0,0,0
694,1,1,60.0,26.55,2,1,0,0,0,0
695,2,1,52.0,13.5,2,1,0,0,0,0
696,3,1,44.0,8.05,2,1,0,0,0,0
698,1,1,49.0,110.8833,0,0,0,1,0,0
699,3,1,42.0,7.65,2,1,0,0,0,0
700,1,0,18.0,227.525,0,0,1,0,0,0
701,1,1,35.0,26.2875,2,1,0,0,0,0
702,3,0,18.0,14.4542,0,0,1,0,0,0
703,3,1,25.0,7.7417,1,1,0,0,0,0
704,3,1,26.0,7.8542,2,0,1,0,0,0
705,2,1,39.0,26.0,2,1,0,0,0,0
706,2,0,45.0,13.5,2,1,0,0,0,0
707,1,1,42.0,26.2875,2,1,0,0,0,0
708,1,0,22.0,151.55,2,1,0,0,0,0
710,1,0,24.0,49.5042,0,1,0,0,0,0
712,1,1,48.0,52.0,2,0,1,0,0,0
713,3,1,29.0,9.4833,2,1,0,0,0,0
714,2,1,52.0,13.0,2,1,0,0,0,0
715,3,1,19.0,7.65,2,1,0,0,0,0
716,1,0,38.0,227.525,0,1,0,0,0,0
717,2,0,27.0,10.5,2,1,0,0,0,0
719,3,1,33.0,7.775,2,1,0,0,0,0
720,2,0,6.0,33.0,2,0,1,0,0,0
721,3,1,17.0,7.0542,2,0,1,0,0,0
722,2,1,34.0,13.0,2,1,0,0,0,0
723,2,1,50.0,13.0,2,1,0,0,0,0
724,1,1,27.0,53.1,2,0,1,0,0,0
725,3,1,20.0,8.6625,2,1,0,0,0,0
726,2,0,30.0,21.0,2,0,0,0,1,0
728,2,1,25.0,26.0,2,0,1,0,0,0
729,3,0,25.0,7.925,2,0,1,0,0,0
730,1,0,29.0,211.3375,2,1,0,0,0,0
731,3,1,11.0,18.7875,0,1,0,0,0,0
733,2,1,23.0,13.0,2,1,0,0,0,0
734,2,1,23.0,13.0,2,1,0,0,0,0
735,3,1,28.5,16.1,2,1,0,0,0,0
736,3,0,48.0,34.375,2,0,0,0,1,0
737,1,1,35.0,512.3292,0,1,0,0,0,0
741,1,1,36.0,78.85,2,0,1,0,0,0
742,1,0,21.0,262.375,0,0,0,0,1,0
743,3,1,24.0,16.1,2,0,1,0,0,0
744,3,1,31.0,7.925,2,1,0,0,0,0
745,1,1,70.0,71.0,2,0,0,1,0,0
746,3,1,16.0,20.25,2,0,0,1,0,0
747,2,0,30.0,13.0,2,1,0,0,0,0
748,1,1,19.0,53.1,2,0,1,0,0,0
749,3,1,31.0,7.75,1,1,0,0,0,0
750,2,0,4.0,23.0,2,0,0,1,0,0
751,3,1,6.0,12.475,2,0,1,0,0,0
752,3,1,33.0,9.5,2,1,0,0,0,0
753,3,1,23.0,7.8958,2,1,0,0,0,0
754,2,0,48.0,65.0,2,0,0,0,1,0
755,2,1,0.67,14.5,2,0,0,1,0,0
756,3,1,28.0,7.7958,2,1,0,0,0,0
757,2,1,18.0,11.5,2,1,0,0,0,0
758,3,1,34.0,8.05,2,1,0,0,0,0
759,1,0,33.0,86.5,2,1,0,0,0,0
761,3,1,41.0,7.125,2,1,0,0,0,0
762,3,1,20.0,7.2292,0,1,0,0,0,0
763,1,0,36.0,120.0,2,0,0,0,1,0
764,3,1,16.0,7.775,2,1,0,0,0,0
765,1,0,51.0,77.9583,2,0,1,0,0,0
767,3,0,30.5,7.75,1,1,0,0,0,0
769,3,1,32.0,8.3625,2,1,0,0,0,0
770,3,1,24.0,9.5,2,1,0,0,0,0
771,3,1,48.0,7.8542,2,1,0,0,0,0
772,2,0,57.0,10.5,2,1,0,0,0,0
774,2,0,54.0,23.0,2,0,0,0,1,0
775,3,1,18.0,7.75,2,1,0,0,0,0
777,3,0,5.0,12.475,2,1,0,0,0,0
779,1,0,43.0,211.3375,2,0,1,0,0,0
780,3,0,13.0,7.2292,0,1,0,0,0,0
781,1,0,17.0,57.0,2,0,1,0,0,0
782,1,1,29.0,30.0,2,1,0,0,0,0
784,3,1,25.0,7.05,2,1,0,0,0,0
785,3,1,25.0,7.25,2,1,0,0,0,0
786,3,0,18.0,7.4958,2,1,0,0,0,0
787,3,1,8.0,29.125,1,0,0,0,0,1
788,3,1,1.0,20.575,2,0,0,0,1,0
789,1,1,46.0,79.2,0,1,0,0,0,0
791,2,1,16.0,26.0,2,1,0,0,0,0
794,3,1,25.0,7.8958,2,1,0,0,0,0
795,2,1,39.0,13.0,2,1,0,0,0,0
796,1,0,49.0,25.9292,2,1,0,0,0,0
797,3,0,31.0,8.6833,2,1,0,0,0,0
798,3,1,30.0,7.2292,0,1,0,0,0,0
799,3,0,30.0,24.15,2,0,0,1,0,0
800,2,1,34.0,13.0,2,1,0,0,0,0
801,2,0,31.0,26.25,2,0,0,1,0,0
802,1,1,11.0,120.0,2,0,0,0,1,0
803,3,1,0.42,8.5167,0,0,1,0,0,0
804,3,1,27.0,6.975,2,1,0,0,0,0
805,3,1,31.0,7.775,2,1,0,0,0,0
806,1,1,39.0,0.0,2,1,0,0,0,0
807,3,0,18.0,7.775,2,1,0,0,0,0
808,2,1,39.0,13.0,2,1,0,0,0,0
809,1,0,33.0,53.1,2,0,1,0,0,0
810,3,1,26.0,7.8875,2,1,0,0,0,0
811,3,1,39.0,24.15,2,1,0,0,0,0
812,2,1,35.0,10.5,2,1,0,0,0,0
813,3,0,6.0,31.275,2,0,0,0,0,1
814,3,1,30.5,8.05,2,1,0,0,0,0
816,3,0,23.0,7.925,2,1,0,0,0,0
817,2,1,31.0,37.0042,0,0,0,1,0,0
818,3,1,43.0,6.45,2,1,0,0,0,0
819,3,1,10.0,27.9,2,0,0,0,0,1
820,1,0,52.0,93.5,2,0,0,1,0,0
821,3,1,27.0,8.6625,2,1,0,0,0,0
822,1,1,38.0,0.0,2,1,0,0,0,0
823,3,0,27.0,12.475,2,0,1,0,0,0
824,3,1,2.0,39.6875,2,0,0,0,0,1
827,2,1,1.0,37.0042,0,0,0,1,0,0
830,3,0,15.0,14.4542,0,0,1,0,0,0
831,2,1,0.83,18.75,2,0,0,1,0,0
833,3,1,23.0,7.8542,2,1,0,0,0,0
834,3,1,18.0,8.3,2,1,0,0,0,0
835,1,0,39.0,83.1583,0,0,0,1,0,0
836,3,1,21.0,8.6625,2,1,0,0,0,0
838,3,1,32.0,56.4958,2,1,0,0,0,0
840,3,1,20.0,7.925,2,1,0,0,0,0
841,2,1,16.0,10.5,2,1,0,0,0,0
842,1,0,30.0,31.0,0,1,0,0,0,0
843,3,1,34.5,6.4375,0,1,0,0,0,0
844,3,1,17.0,8.6625,2,1,0,0,0,0
845,3,1,42.0,7.55,2,1,0,0,0,0
847,3,1,35.0,7.8958,0,1,0,0,0,0
848,2,1,28.0,33.0,2,0,1,0,0,0
850,3,1,4.0,31.275,2,0,0,0,0,1
851,3,1,74.0,7.775,2,1,0,0,0,0
852,3,0,9.0,15.2458,0,0,0,1,0,0
853,1,0,16.0,39.4,2,0,1,0,0,0
854,2,0,44.0,26.0,2,0,1,0,0,0
855,3,0,18.0,9.35,2,0,1,0,0,0
856,1,0,45.0,164.8667,2,0,0,1,0,0
857,1,1,51.0,26.55,2,1,0,0,0,0
858,3,0,24.0,19.2583,0,0,0,0,1,0
860,3,1,41.0,14.1083,2,0,0,1,0,0
861,2,1,21.0,11.5,2,0,1,0,0,0
862,1,0,48.0,25.9292,2,1,0,0,0,0
864,2,1,24.0,13.0,2,1,0,0,0,0
865,2,0,42.0,13.0,2,1,0,0,0,0
866,2,0,27.0,13.8583,0,0,1,0,0,0
867,1,1,31.0,50.4958,2,1,0,0,0,0
869,3,1,4.0,11.1333,2,0,0,1,0,0
870,3,1,26.0,7.8958,2,1,0,0,0,0
871,1,0,47.0,52.5542,2,0,0,1,0,0
872,1,1,33.0,5.0,2,1,0,0,0,0
873,3,1,47.0,9.0,2,1,0,0,0,0
874,2,0,28.0,24.0,0,0,1,0,0,0
875,3,0,15.0,7.225,0,1,0,0,0,0
876,3,1,20.0,9.8458,2,1,0,0,0,0
877,3,1,19.0,7.8958,2,1,0,0,0,0
879,1,0,56.0,83.1583,0,0,1,0,0,0
880,2,0,25.0,26.0,2,0,1,0,0,0
881,3,1,33.0,7.8958,2,1,0,0,0,0
882,3,0,22.0,10.5167,2,1,0,0,0,0
883,2,1,28.0,10.5,2,1,0,0,0,0
884,3,1,25.0,7.05,2,1,0,0,0,0
885,3,0,39.0,29.125,1,0,0,0,0,1
886,2,1,27.0,13.0,2,1,0,0,0,0
887,1,0,19.0,30.0,2,1,0,0,0,0
889,1,1,26.0,30.0,0,1,0,0,0,0
890,3,1,32.0,7.75,1,1,0,0,0,0
